Title,DOI,Author,Relevant_methods,Relevant_simulation,Review_paper,Emma_Notes,Kate_Notes,Jonathan_Notes,Rhian_Notes,Paul_Notes,relevancy
Assessing seasonal confounding and model selection bias in air pollution epidemiology using positive and negative control analyses,https://doi.org/10.1002/1099-095X(200011/12)11:6<705::AID-ENV444>3.0.CO;2-H,"Lumley, T; Sheppard, L",1,1,0,Table 1,,,,,2
Risk factor adjustment in marginal structural model estimation of optimal treatment regimes,https://doi.org/10.1002/bimj.200800182,Moodie EE.,1,1,0,"Table 1, Table 2",,,,,2
Correction of confounding bias in non-randomized studies by appropriate weighting,https://doi.org/10.1002/bimj.201000154,"Schmoor, C; Gall, C; Stampf, S; Graf, E",1,0,0,,,,,,1
Inverse-probability-of-treatment weighted estimation of causal parameters in the presence of error-contaminated and time-dependent confounders,https://doi.org/10.1002/bimj.201600228,"Shu, D; Yi, GY",1,1,0,"Table 1, measurement error",,,,,2
Covariate selection strategies for causal inference: Classification and comparison,https://doi.org/10.1002/bimj.201700294,"Witte J, Didelez V.",1,1,1,,,,,,3
Propensity score methods for time-dependent cluster confounding,https://doi.org/10.1002/bimj.201900277,"Cafri, G; Austin, PC",1,1,0,,,,,,2
A comparison of full model specification and backward elimination of potential confounders when estimating marginal and conditional causal effects on binary outcomes from observational data,https://doi.org/10.1002/bimj.202100237,"Luijken, K; Groenwold, RHH; van Smeden, M; Strohmaier, S; Heinze, G",1,1,0,,,,,,2
Assessing spatial confounding in cancer disease mapping using R,https://doi.org/10.1002/cnr2.1263,"Azevedo, DRM; Bandyopadhyay, D; Prates, MO; Abdel-Salam, ASG; Garcia, D",1,0,0,spatial,,,,,1
Model selection in occupancy models: Inference versus prediction,https://doi.org/10.1002/ecy.3942,"Stewart PS, Stephens PA, Hill RA, Whittingham MJ, Dawson W.",1,0,0,M-DAG,,,,,1
Mitigating spatial confounding by explicitly correlating Gaussian random fields,https://doi.org/10.1002/env.2727,"Marques, I; Kneib, T; Klein, N",1,0,0,spatial,,,,,1
An enhanced machine learning tool for<i>cis</i>-eQTL mapping with regularization and confounder adjustments,https://doi.org/10.1002/gepi.22341,"Yan, KK; Zhao, HY; Wu, JT; Pang, H",1,0,0,Ml-based,,,,,1
The role of the c-statistic in variable selection for propensity score models,https://doi.org/10.1002/pds.2074,"Westreich D, Cole SR, Funk MJ, Brookhart MA, Stürmer T.",1,0,0,,,,,,1
Measuring balance and model selection in propensity score methods,https://doi.org/10.1002/pds.2188,"Belitser SV, Martens EP, Pestman WR, Groenwold RH, de Boer A, Klungel OH.",1,0,0,,,,,,1
Using high-dimensional propensity scores to automate confounding control in a distributed medical product safety surveillance system,https://doi.org/10.1002/pds.2328,"Rassen, JA; Schneeweiss, S",1,0,0,,,,,,1
Variable selection for propensity score models when estimating treatment effects on multiple outcomes: a simulation study,https://doi.org/10.1002/pds.3356,"Wyss R, Girman CJ, LoCasale RJ, Brookhart AM, Stürmer T.",1,1,0,,,,,,2
A review of covariate selection for non-experimental comparative effectiveness research,https://doi.org/10.1002/pds.3506,"Sauer BC, Brookhart MA, Roy J, VanderWeele T.",1,0,1,,,,,,2
Addressing unmeasured confounding in comparative observational research,https://doi.org/10.1002/pds.4394,"Zhang, X; Faries, DE; Li, H; Stamey, JD; Imbens, GW",1,0,1,unmeasured,,,,,2
A comparison of confounder selection and adjustment methods for estimating causal effects using large healthcare databases,https://doi.org/10.1002/pds.5403,"Benasseur, I; Talbot, D; Durand, M; Holbrook, A; Matteau, A; Potter, BJ; Renoux, C; Schnitzer, ME; Tarride, JE; Guertin, JR",1,1,1,,,,,,3
Machine learning for improving high-dimensional proxy confounder adjustment in healthcare database studies: An overview of the current literature,https://doi.org/10.1002/pds.5500,"Wyss, R; Yanover, C; El-Hay, T; Bennett, D; Platt, RW; Zullo, AR; Sari, G; Wen, XR; Ye, YZ; Yuan, HB; Gokhale, M; Patorno, E; Lin, KJ",1,0,1,Ml-based,,,,,2
Controlling for confounding via propensity score methods can result in biased estimation of the conditional AUC: A simulation study,https://doi.org/10.1002/pst.1948,"Galadima HI, McClish DK.",0,1,0,,,,,,1
On kernel machine learning for propensity score estimation under complex confounding structures,https://doi.org/10.1002/pst.2105,"Zou B, Mi X, Tighe PJ, Koch GG, Zou F.",1,0,0,Ml-based,,,,,1
Opportunities for minimization of confounding in observational research,https://doi.org/10.1002/pst.528,"Quartey, G; Feudjo-Tepie, M; Wang, JX; Kim, J",1,0,0,study design,,,,,1
Improved estimation of controlled direct effects in the presence of unmeasured confounding of intermediate variables,https://doi.org/10.1002/sim.2057,"Kaufman, S; Kaufman, JS; MacLehose, RF; Greenland, S; Poole, C",1,1,0,Table II,,,,,2
An innovative application of Bayesian disease mapping methods to patient safety research: a Canadian adverse medical event study,https://doi.org/10.1002/sim.2507,"MacNab YC, Kmetic A, Gustafson P, Sheps S.",1,0,0,,,,,,1
Use of instrumental variables in the analysis of generalized linear models in the presence of unmeasured confounding with applications to epidemiological research,https://doi.org/10.1002/sim.3036,"Johnston, KM; Gustafson, P; Levy, AR; Grootendorst, P",1,1,0,,,,,,2
Sensitivity analysis for unmeasured confounding in principal stratification settings with binary variables,https://doi.org/10.1002/sim.4472,"Schwartz, S; Li, F; Reiter, JP",1,0,0,,,,,,1
"Doubly robust estimators of causal exposure effects with missing data in the outcome, exposure or a confounder",https://doi.org/10.1002/sim.5643,"Williamson, EJ; Forbes, A; Wolfe, R",1,0,0,,,,,,1
Methods for dealing with time-dependent confounding,https://doi.org/10.1002/sim.5686,"Daniel, RM; Cousens, SN; De Stavola, BL; Kenward, MG; Sterne, JAC",1,0,0,,,,,,1
Multiple imputation for handling systematically missing confounders in meta-analysis of individual participant data,https://doi.org/10.1002/sim.5894,"Resche-Rigon, M; White, IR; Bartlett, JW; Peters, SAE; Thompson, SG",1,0,0,,,,,,1
Using an instrumental variable to test for unmeasured confounding,https://doi.org/10.1002/sim.6227,"Guo, Z; Cheng, J; Lorch, SA; Small, DS",1,0,0,,,,,,1
"A flexible, interpretable framework for assessing sensitivity to unmeasured confounding",https://doi.org/10.1002/sim.6973,"Dorie, V; Harada, M; Carnegie, NB; Hill, J",1,0,0,model misspecification,,,,,1
A comparison of Bayesian and Monte Carlo sensitivity analysis for unmeasured confounding,https://doi.org/10.1002/sim.7298,"McCandless, LC; Gustafson, P",1,0,0,,,,,,1
Sensitivity analysis for unobserved confounding of direct and indirect effects using uncertainty intervals,https://doi.org/10.1002/sim.7620,"Lindmark, A; de Luna, X; Eriksson, M",1,0,0,,,,,,1
"Bias testing, bias correction, and confounder selection using an instrumental variable model",https://doi.org/10.1002/sim.8730,"Choi, BY; Fine, JP; Brookhart, MA",1,0,0,,,,,,1
Confounder selection strategies targeting stable treatment effect estimators,https://doi.org/10.1002/sim.8792,"Loh, WW; Vansteelandt, S",1,1,0,Table 1,,,,,2
Using generalized linear models to implement g-estimation for survival data with time-varying confounding,https://doi.org/10.1002/sim.8997,"Seaman, SR; Keogh, RH; Dukes, O; Vansteelandt, S",1,0,0,,,,,,1
Practical recommendations on double score matching for estimating causal effects,https://doi.org/10.1002/sim.9289,"Zhang Y, Yang S, Ye W, Faries DE, Lipkovich I, Kadziola Z.",1,1,0,,,,,,2
Identification and robust estimation of swapped direct and indirect effects: Mediation analysis with unmeasured mediator-outcome confounding and intermediate confounding,https://doi.org/10.1002/sim.9501,"Tai, AS; Lin, SH",1,1,0,,,,,,2
Consistent inverse probability of treatment weighted estimation of the average treatment effect with mismeasured time-dependent confounders,https://doi.org/10.1002/sim.9629,"Yan, Y; Ren, MC",1,1,0,,,,,,2
Variable selection and Bayesian model averaging in case-control studies,https://doi.org/10.1002/sim.976,"Viallefont V, Raftery AE, Richardson S.",1,0,0,,,,,,1
Removal of Confounders via Invariant Risk Minimization for Medical Diagnosis,https://doi.org/10.1007/978-3-031-16452-1_55,"Zare, S; Nguyen, HV",1,0,0,Ml-based,,,,,1
Learning Causal Graphs with Latent Confounders in Weak Faithfulness Violations,https://doi.org/10.1007/s00354-016-0003-x,"Isozaki, T; Kuroki, M",1,0,0,,,,,,1
"Sensitivity analysis for unobserved confounding in causal mediation analysis allowing for effect modification, censoring and truncation",https://doi.org/10.1007/s10260-021-00611-4,"Lindmark, A",1,1,0,,,,,,2
Variable selection: current practice in epidemiological studies,https://doi.org/10.1007/s10654-009-9411-2,"Walter S, Tiemeier H.",1,0,1,Possibly outdated review (2009),,,,,2
Selection of confounding variables should not be based on observed associations with exposure,https://doi.org/10.1007/s10654-011-9606-1,"Groenwold, RHH; Klungel, OH; Grobbee, DE; Hoes, AW",1,0,0,Singular,,,,,1
"From bad to worse: collider stratification amplifies confounding bias in the ""obesity paradox""",https://doi.org/10.1007/s10654-015-0069-7,"Banack, HR; Kaufman, JS",1,0,0,Interacting biases,,,,,1
"Limitations of individual causal models, causal graphs, and ignorability assumptions, as illustrated by random confounding and design unfaithfulness",https://doi.org/10.1007/s10654-015-9995-7,"Greenland, S; Mansournia, MA",1,0,0,Causal theory,,,,,1
Principles of confounder selection,https://doi.org/10.1007/s10654-019-00494-6,"VanderWeele, TJ",1,0,1,VanderWeele,,,,,2
A descriptive review of variable selection methods in four epidemiologic journals: there is still room for improvement,https://doi.org/10.1007/s10654-019-00529-y,"Talbot D, Massamba VK.",1,0,1,,,,,,2
Case-control matching on confounders revisited,https://doi.org/10.1007/s10654-023-01046-9,"Mansournia, MA; Poole, C",1,0,0,,,,,,1
Causal modelling of heavy-tailed variables and confounders with application to river flow,https://doi.org/10.1007/s10687-022-00456-4,"Pasche, OC; Chavez-Demoulin, V; Davison, AC",1,1,0,Specific heavy-tail assumption,,,,,2
Addressing missing data in confounders when estimating propensity scores for continuous exposures,https://doi.org/10.1007/s10742-018-0191-6,"Coffman, DL; Zhou, JX; Cai, XZ; Graham, JW",1,0,0,Missingness,,,,,1
Sensitivity analysis for unmeasured confounding in a marginal structural Cox proportional hazards model,https://doi.org/10.1007/s10985-008-9109-x,"Klungsoyr, O; Sexton, J; Sandanger, I; Nygård, JF",1,0,0,,,,,,1
Low-dimensional confounder adjustment and high-dimensional penalized estimation for survival analysis,https://doi.org/10.1007/s10985-015-9350-z,"Xia X, Jiang B, Li J, Zhang W.",1,0,1,"Table 1, Table 2",,,,,2
A Review of the Techniques Used to Control Confounding Bias and How Spatiotemporal Variation Can Be Controlled in Environmental Impact Studies,https://doi.org/10.1007/s11270-019-4150-9,"Hatami, R",1,0,1,,,,,,2
Estimation of Causal Effect Measures in the Presence of Measurement Error in Confounders,https://doi.org/10.1007/s12561-018-9213-8,"Shu, D; Yi, GY",1,0,0,Measurement error,,,,,1
High-Dimensional Propensity Score-Adjusted Case-Crossover for Discovering Adverse Drug Reactions from Computerized Administrative Healthcare Databases,https://doi.org/10.1007/s40264-022-01148-5,"Volatier E, Salvo F, Pariente A, Courtois É, Escolano S, Tubert-Bitter P, Ahmed I.",1,1,0,,,,,,2
Combining ecological and individual variables to reduce confounding by indication: Case study - subarachnoid hemorrhage treatment,https://doi.org/10.1016/S0895-4356(00)00251-1,"Johnston, SC",1,0,0,,,,,,1
"Calculating the ""number needed to be exposed"" with adjustment for confounding variables in epidemiological studies",https://doi.org/10.1016/S0895-4356(01)00510-8,"Bender, R; Blettner, M",1,0,0,Experimental design,,,,,1
On Miettinen's multivariate confounder score,https://doi.org/10.1016/S0895-4356(97)00283-7,"Strauss, D",1,0,0,Fallen into disuse,,,,,1
"Confounding, causality, and confusion: the role of intermediate variables in interpreting observational studies in obstetrics",https://doi.org/10.1016/j.ajog.2017.04.016,"Ananth, CV; Schisterman, EF",1,0,1,Biases,,,,,2
Using Causal Diagrams for Biomedical Research,https://doi.org/10.1016/j.annemergmed.2022.08.014,"Kyriacou DN, Greenland P, Mansournia MA.",1,0,0,Basic concepts,,,,,1
Confounder selection in environmental epidemiology: Assessment of health effects of prenatal mercury exposure,https://doi.org/10.1016/j.annepidem.2006.05.007,"Budtz-Jorgensen, E; Keiding, N; Grandjean, P; Weihe, P",1,1,0,,,,,,2
Bias formulas for external adjustment and sensitivity analysis of unmeasured confounders,https://doi.org/10.1016/j.annepidem.2008.04.003,"Arah, OA; Chiba, Y; Greenland, S",1,0,0,Biases,,,,,1
Confounding by Season in Ecologic Studies of Seasonal Exposures and Outcomes: Examples From Estimates of Mortality Due to Influenza,https://doi.org/10.1016/j.annepidem.2009.06.009,"Jackson, ML",1,0,0,Temporal,,,,,1
Confounding control in a nonexperimental study of STAR*D data: logistic regression balanced covariates better than boosted CART,https://doi.org/10.1016/j.annepidem.2013.01.004,"Ellis, AR; Dusetzina, SB; Hansen, RA; Gaynes, BN; Farley, JF; Stürmer, T",1,0,0,,,,,,1
Visualization tool of variable selection in bias-variance tradeoff for inverse probability weights,https://doi.org/10.1016/j.annepidem.2019.12.006,"Yu YH, Filion KB, Bodnar LM, Brooks MM, Platt RW, Himes KP, Naimi AI.",1,0,0,,,,,,1
"Avoiding Systematic Bias in Orthopedics Research Through Informed Variable Selection: A Discussion of Confounders, Mediators, and Colliders",https://doi.org/10.1016/j.arth.2022.05.027,"Devick, KL; Zaniletti, I; Larson, DR; Lewallen, DG; Berry, DJ; Kremers, HM",1,0,0,,,,,,1
On the completeness of orientation rules for causal discovery in the presence of latent confounders and selection bias,https://doi.org/10.1016/j.artint.2008.08.001,"Zhang, JJ",1,0,0,,,,,,1
The effect of the prior distribution in the <i>Bayesian Adjustment for Confounding algorithm</i>,https://doi.org/10.1016/j.csda.2013.09.011,"Lefebvre, G; Atherton, J; Talbot, D",1,0,0,,,,,,1
Plasmode simulation for the evaluation of pharmacoepidemiologic methods in complex healthcare databases,https://doi.org/10.1016/j.csda.2013.10.018,"Franklin JM, Schneeweiss S, Polinski JM, Rassen JA.",1,0,0,Data simulation,,,,,1
Causal mediation analysis for survival outcome with unobserved mediator-outcome confounders,https://doi.org/10.1016/j.csda.2014.11.016,"Luo, P; Geng, Z",1,0,0,,,,,,1
Scope of Mendelian randomization to control for unobserved confounding in epidemiology,https://doi.org/10.1016/j.gaceta.2021.01.008,"Ancira-Moreno, M; Smith, N; Lamadrid-Figueroa, H",1,0,0,MR,,,,,1
Propensity score methods to control for confounding in observational cohort studies: a statistical primer and application to endoscopy research,https://doi.org/10.1016/j.gie.2019.04.236,"Yang, JY; Webster-Clark, M; Lund, JL; Sandler, RS; Dellon, ES; Stürmer, T",1,0,0,,,,,,1
Reducing the complexity of high-dimensional environmental data: An analytical framework using LASSO with considerations of confounding for statistical inference,https://doi.org/10.1016/j.ijheh.2023.114116,"Frndak, S; Yu, G; Oulhote, Y; Queirolo, EI; Barg, G; Vahter, M; Manay, N; Peregalli, F; Olson, JR; Ahmed, Z; Kordas, K",1,0,0,LASSO,,,,,1
Using computable knowledge mined from the literature to elucidate confounders for EHR-based pharmacovigilance,https://doi.org/10.1016/j.jbi.2021.103719,"Malec, SA; Wei, P; Bernstam, EV; Boyce, RD; Cohen, T",1,0,0,,,,,,1
Adjusting for indirectly measured confounding using large-scale propensity score,https://doi.org/10.1016/j.jbi.2022.104204,"Zhang, LY; Wang, YX; Schuemie, MJ; Blei, DM; Hripcsak, G",1,0,0,,,,,,1
A sensitivity analysis using information about measured confounders yielded improved uncertainty assessments for unmeasured confounding,https://doi.org/10.1016/j.jclinepi.2007.05.006,"Mccandless, LC; Gustafson, P; Levy, AR",1,0,0,unmeasured,,,,,1
Reporting of covariate selection and balance assessment in propensity score analysis is suboptimal: a systematic review,https://doi.org/10.1016/j.jclinepi.2014.08.011,"Ali MS, Groenwold RH, Belitser SV, Pestman WR, Hoes AW, Roes KC, Boer Ad, Klungel OH.",1,0,1,,,,,,2
Comparison of high-dimensional confounder summary scores in comparative studies of newly marketed medications,https://doi.org/10.1016/j.jclinepi.2016.02.011,"Kumamaru, H; Gagnea, JJ; Glynn, RJ; Setoguchi, S; Schneeweiss, S",1,1,0,,,,,,2
Magnitude and direction of missing confounders had different consequences on treatment effect estimation in propensity score analysis,https://doi.org/10.1016/j.jclinepi.2017.04.001,"Nguyen, TL; Collins, GS; Spence, J; Fontaine, C; Daurès, JP; Devereaux, PJ; Landais, P; Le Manach, Y",1,0,0,Missingness,,,,,1
Adjusting for unmeasured confounding in nonrandomized longitudinal studies: a methodological review,https://doi.org/10.1016/j.jclinepi.2017.04.022,"Streeter, AJ; Lin, NX; Crathorne, L; Haasova, M; Hyde, C; Melzer, D; Henley, WE",1,0,1,EHR,,,,,2
"Approaches to addressing missing values, measurement error, and confounding in epidemiologic studies",https://doi.org/10.1016/j.jclinepi.2020.11.006,"van Smeden, M; de Vries, BBLP; Nab, L; Groenwold, RHH",1,0,0,"Missingness, measurement error, incompleteness",,,,,1
On the selection of variables in criminology: Adjusting for the descendants of unobserved confounders,https://doi.org/10.1016/j.jcrimjus.2022.101924,"Silver, IA; Lonergan, H; Nedelec, JL",1,0,0,,,,,,1
Causal inference of general treatment effects using neural networks with a diverging number of confounders,https://doi.org/10.1016/j.jeconom.2023.105555,"Chen, XH; Liu, Y; Ma, SJ; Zhang, Z",1,0,0,"Ml-based, good",,,,,1
Network inference in the presence of latent confounders: The role of instantaneous causalities,https://doi.org/10.1016/j.jneumeth.2015.02.015,"Elsegai, H; Shiells, H; Thiel, M; Schelter, B",1,0,0,Networks,,,,,1
"Nonlinear association criterion, nonlinear Granger causality and related issues with applications to neuroimage studies",https://doi.org/10.1016/j.jneumeth.2016.01.003,"Tao C, Feng J.",0,0,1,Non-confounding,,,,,1
Detecting multiple confounders,https://doi.org/10.1016/j.jspi.2008.06.013,"Wang, XL; Geng, Z; Chen, H; Xie, XC",1,0,0,,,,,,1
A practical method to control spatiotemporal confounding in environmental impact studies,https://doi.org/10.1016/j.mex.2018.07.003,"Hatami, R",1,0,0,Spatio-temporal,,,,,1
Identification of causal relations in neuroimaging data with latent confounders: An instrumental variable approach,https://doi.org/10.1016/j.neuroimage.2015.10.062,"Grosse-Wentrup, M; Janzing, D; Siegel, M; Schölkopf, B",1,0,0,Instrumental,,,,,1
Assessing Mediation Using Marginal Structural Models in the Presence of Confounding and Moderation,https://doi.org/10.1037/a0029311,"Coffman, DL; Zhong, W",1,0,0,,,,,,1
Structural Equation Modeling Versus Marginal Structural Modeling for Assessing Mediation in the Presence of Posttreatment Confounding,https://doi.org/10.1037/a0036368,"Moerkerke, B; Loeys, T; Vansteelandt, S",1,0,0,SEM,,,,,1
Combating Unmeasured Confounding in Cross-Sectional Studies: Evaluating Instrumental-Variable and Heckman Selection Models,https://doi.org/10.1037/a0037416,"DeMaris, A",1,0,0,unmeasured,,,,,1
Confounding in Statistical Mediation Analysis: What It Is and How to Address It,https://doi.org/10.1037/cou0000242,"Valente, MJ; Pelham, WE; Smyth, H; MacKinnon, DP",1,0,0,Basic concepts,,,,,1
The Impact of Measurement Error and Omitting Confounders on Statistical Inference of Mediation Effects and Tools for Sensitivity Analysis,https://doi.org/10.1037/met0000345,"Liu, X; Wang, LJ",1,0,0,Measurement error,,,,,1
Data-Driven Covariate Selection for Confounding Adjustment by Focusing on the Stability of the Effect Estimator,https://doi.org/10.1037/met0000564,"Loh, WW; Ren, DN",1,0,0,Key,,,,,1
How Do Unobserved Confounding Mediators and Measurement Error Impact Estimated Mediation Effects and Corresponding Statistical Inferences? Introducing the R Package ConMed for Sensitivity Analysis,https://doi.org/10.1037/met0000567,"Lin, QY; Nuttall, AK; Zhang, Q; Frank, KA",1,0,0,"unobserved confounding, measurement error, mediation, R package",,,,,1
"One Step at a Time: A Statistical Approach for Distinguishing Mediators, Confounders, and Colliders Using Direction Dependence Analysis",https://doi.org/10.1037/met0000619,"Shi, DX; Fairchild, AJ; Wiedermann, W",1,0,0,Key,,,,,1
Uncovering interpretable potential confounders in electronic medical records,https://doi.org/10.1038/s41467-022-28546-8,"Zeng, JM; Gensheimer, MF; Rubin, DL; Athey, S; Shachter, RD",1,0,0,EHR,,,,,1
An Introduction to Propensity Score Methods for Reducing the Effects of Confounding in Observational Studies,https://doi.org/10.1080/00273171.2011.568786,"Austin, PC",1,0,0,Basic concepts,,,,,1
Direction Dependence Analysis in the Presence of Confounders: Applications to Linear Mediation Models Using Observational Data,https://doi.org/10.1080/00273171.2018.1528542,"Wiedermann, W; Sebastian, J",1,0,0,DDA,,,,,1
A More Efficient Causal Mediator Model Without the No-Unmeasured-Confounder Assumption,https://doi.org/10.1080/00273171.2019.1656051,"Brandt, H",1,0,0,Mediation,,,,,1
Tuning Random Forests for Causal Inference under Cluster-Level Unmeasured Confounding,https://doi.org/10.1080/00273171.2021.1994364,"Suk, Y; Kang, H",1,0,0,random forests,,,,,1
Causal inference with missingness in confounder,https://doi.org/10.1080/00949655.2022.2089672,"Bagmar, MSH; Shen, H",1,0,0,Missingness,,,,,1
Adjustment for Missing Confounders Using External Validation Data and Propensity Scores,https://doi.org/10.1080/01621459.2011.643739,"McCandless, LC; Richardson, S; Best, N",1,0,0,Missingness,,,,,1
Uncertainty in Propensity Score Estimation: Bayesian Methods for Variable Selection and Model Averaged Causal Effects,https://doi.org/10.1080/01621459.2013.869498,"Zigler CM, Dominici F.",1,0,0,Non-confounding,,,,,1
Treatment Effect Estimation Under Additive Hazards Models With High-Dimensional Confounding,https://doi.org/10.1080/01621459.2021.1930546,"Hou, J; Bradic, J; Xu, RH",1,0,0,Doubly robust,,,,,1
Identifying Effects of Multiple Treatments in the Presence of Unmeasured Confounding,https://doi.org/10.1080/01621459.2021.2023551,"Miao, W; Hu, WJ; Ogburn, EL; Zhou, XH",1,0,0,unmeasured,,,,,1
Nonlinear Causal Discovery with Confounders,https://doi.org/10.1080/01621459.2023.2179490,"Li, CL; Shen, XT; Pan, W",1,0,0,"Ml-based, python package",,,,,1
Sensitivity to Unobserved Confounding in Studies with Factor-Structured Outcomes,https://doi.org/10.1080/01621459.2023.2240053,"Zheng, JJ; Wu, JX; D'Amour, A; Franks, A",1,0,0,unmeasured,,,,,1
De-confounding Causal Inference Using Latent Multiple-Mediator Pathways,https://doi.org/10.1080/01621459.2023.2240461,"Yuan, YB; Qu, AN",1,0,0,"key, mediator, SEM",,,,,1
Discovery and Inference of a Causal Network with Hidden Confounding,https://doi.org/10.1080/01621459.2023.2261658,"Chen, L; Li, CL; Shen, XT; Pan, W",1,0,0,unmeasured,,,,,1
Doubly-Valid/Doubly-Sharp Sensitivity Analysis for Causal Inference with Unmeasured Confounding,https://doi.org/10.1080/01621459.2024.2335588,"Dorn, J; Guo, K; Kallus, N",1,0,0,"unmeasured, doubly robust, doubly sharp",,,,,1
Confounding adjustment methods for multi-level treatment comparisons under lack of positivity and unknown model specification,https://doi.org/10.1080/02664763.2021.1911966,"Diop, SA; Duchesne, T; Cumming, SG; Diop, A; Talbot, D",1,0,0,Ml-based,,,,,1
Sensitivity analysis of unmeasured confounding in causal inference based on exponential tilting and super learner,https://doi.org/10.1080/02664763.2021.1999398,"Zhou, M; Yao, WX",1,0,0,"unmeasured, ml-based",,,,,1
Controlling for spatial confounding and spatial interference in causal inference: modelling insights from a computational experiment,https://doi.org/10.1080/19475683.2023.2257788,"Hoffman, TD; Kedron, P",1,1,0,spatial,,,,,2
Confounded Local Inference: Extending Local Moran Statistics to Handle Confounding,https://doi.org/10.1080/24694452.2024.2326541,"Wolf, LJ",1,0,0,spatial,,,,,1
Recent Methodological Trends in Epidemiology: No Need for Data-Driven Variable Selection?,https://doi.org/10.1093/aje/kwad193,"Staerk C, Byrd A, Mayr A.",1,0,1,Key,,,,,2
Confounder Adjustment Using the Disease Risk Score: A Proposal for Weighting Methods,https://doi.org/10.1093/aje/kwad196,"Nguyen, TL; Debray, TPA; Youn, B; Simoneau, G; Collins, GS",1,0,0,,,,,,1
Comparison of logistic regression versus propensity score when the number of events is low and there are multiple confounders,https://doi.org/10.1093/aje/kwg115,"Cepeda, MS; Boston, R; Farrar, JT; Strom, BL",0,1,0,,,,,,1
Treatment Effects in the Presence of Unmeasured Confounding: Dealing With Observations in the Tails of the Propensity Score Distribution-A Simulation Study,https://doi.org/10.1093/aje/kwq198,"Stürmer, T; Rothman, KJ; Avorn, J; Glynn, RJ",1,1,0,"unmeasured, tails",,,,,2
Covariate selection in high-dimensional propensity score analyses of treatment effects in small samples,https://doi.org/10.1093/aje/kwr001,"Rassen JA, Glynn RJ, Brookhart MA, Schneeweiss S.",1,1,0,,,,,,2
"Performance of Disease Risk Scores, Propensity Scores, and Traditional Multivariable Outcome Regression in the Presence of Multiple Confounders",https://doi.org/10.1093/aje/kwr143,"Arbogast, PG; Ray, WA",1,0,0,,,,,,1
Comparison of Instrumental Variable Analysis Using a New Instrument With Risk Adjustment Methods to Reduce Confounding by Indication,https://doi.org/10.1093/aje/kwr448,"Fang, G; Brooks, JM; Chrischilles, EA",1,0,0,Instrumental,,,,,1
The Table 2 Fallacy: Presenting and Interpreting Confounder and Modifier Coefficients,https://doi.org/10.1093/aje/kws412,"Westreich, D; Greenland, S",1,0,0,theory,,,,,1
Adjustment for Missing Confounders in Studies Based on Observational Databases: 2-Stage Calibration Combining Propensity Scores From Primary and Validation Data,https://doi.org/10.1093/aje/kwu130,"Lin, HW; Chen, YH",1,0,0,,,,,,1
Mediation Analysis With Intermediate Confounding: Structural Equation Modeling Viewed Through the Causal Inference Lens,https://doi.org/10.1093/aje/kwu239,"De Stavola, BL; Daniel, RM; Ploubidis, GB; Micali, N",1,0,0,"Mediation, SEMs, ALSPAC",,,,,1
Regularized Regression Versus the High-Dimensional Propensity Score for Confounding Adjustment in Secondary Database Analyses,https://doi.org/10.1093/aje/kwv108,"Franklin, JM; Eddings, W; Glynn, RJ; Schneeweiss, S",1,0,0,,,,,,1
"The ""Dry-Run"" Analysis: A Method for Evaluating Risk Scores for Confounding Control",https://doi.org/10.1093/aje/kwx032,"Wyss, R; Hansen, BB; Ellis, AR; Gagne, JJ; Desai, RJ; Glynn, RJ; Stürmer, T",1,0,0,theory,,,,,1
Selecting Shrinkage Parameters for Effect Estimation: The Multi-Ethnic Study of Atherosclerosis,https://doi.org/10.1093/aje/kwx225,"Keller JP, Rice KM.",1,0,0,theory,,,,,1
Analysis of Longitudinal Studies With Repeated Outcome Measures: Adjusting for Time-Dependent Confounding Using Conventional Methods,https://doi.org/10.1093/aje/kwx311,"Keogh, RH; Daniel, RM; VanderWeele, TJ; Vansteelandt, S",1,0,0,SCMMs,,,,,1
Nonparametric efficient causal mediation with intermediate confounders,https://doi.org/10.1093/biomet/asaa085,"Diaz, I; Hejazi, NS; Rudolph, KE; van der Laan, MJ",1,0,0,Mediation,,,,,1
Sharp sensitivity bounds for mediation under unmeasured mediator-outcome confounding,https://doi.org/10.1093/biomet/asw012,"Ding, P; Vanderweele, TJ",1,0,0,"Mediation, sharp",,,,,1
Instrumental variables as bias amplifiers with general outcome and confounding,https://doi.org/10.1093/biomet/asx009,"Ding, P; Vanderweele, TJ; Robins, JM",1,0,0,theory,,,,,1
On semiparametric estimation of a path-specific effect in the presence of mediator-outcome confounding,https://doi.org/10.1093/biomet/asz063,"Miles, CH; Shpitser, I; Kanki, P; Meloni, S; Tchetgen, EJT",1,0,0,theory,,,,,1
Doubly robust methods for handling confounding by cluster,https://doi.org/10.1093/biostatistics/kxv041,"Zetterqvist, J; Vansteelandt, S; Pawitan, Y; Sjölander, A",1,0,0,"clustering, doubly robust",,,,,1
Guided Bayesian imputation to adjust for confounding when combining heterogeneous data sources in comparative effectiveness research,https://doi.org/10.1093/biostatistics/kxx003,"Antonelli, J; Zigler, C; Dominici, F",1,0,0,"external, missingness",,,,,1
Matching Methods for Confounder Adjustment: An Addition to the Epidemiologist's Toolbox,https://doi.org/10.1093/epirev/mxab003,"Greifer, N; Stuart, EA",1,0,0,,,,,,1
"Simultaneous adjustment of uncontrolled confounding, selection bias and misclassification in multiple-bias modelling",https://doi.org/10.1093/ije/dyad001,"Brendel, P; Torres, A; Arah, OA",1,0,0,"imputation, misclassification, key",,,,,1
SAS and R code for probabilistic quantitative bias analysis for misclassified binary variables and binary unmeasured confounders,https://doi.org/10.1093/ije/dyad053,"Fox, MP; MacLehose, RF; Lash, TL",1,0,0,"Code, QBA",,,,,1
Investigation of the structure and magnitude of time-varying uncontrolled confounding in simulated cohort data analyzed using g-computation,https://doi.org/10.1093/ije/dyad150,"Soohoo, M; Arah, OA",1,1,0,Data simulation,,,,,2
The betaboost package-a software tool for modelling bounded outcome variables in potentially high-dimensional epidemiological data,https://doi.org/10.1093/ije/dyy093,"Mayr A, Weinhold L, Hofner B, Titze S, Gefeller O, Schmid M.",1,0,0,R package,,,,,1
Evaluating large-scale propensity score performance through real-world and synthetic data experiments,https://doi.org/10.1093/ije/dyy120,"Tian Y, Schuemie MJ, Suchard MA.",1,0,0,evaluation,,,,,1
Non-agency interventions for causal mediation in the presence of intermediate confounding,https://doi.org/10.1093/jrsssb/qkad130,"Díaz, I",1,0,0,"Efficiency, consistency",,,,,1
SIMULATION STUDY OF CONFOUNDER-SELECTION STRATEGIES,https://doi.org/10.1093/oxfordjournals.aje.a116813,"MALDONADO, G; GREENLAND, S",1,1,0,Old,,,,,2
Selection bias and confounding in case-crossover analyses of environmental time-series data,https://doi.org/10.1097/00001648-200111000-00013,"Bateson, TF; Schwartz, J",0,1,0,,,,,,1
Effect Decomposition in the Presence of an Exposure-Induced Mediator-Outcome Confounder,https://doi.org/10.1097/EDE.0000000000000034,"VanderWeele, TJ; Vansteelandt, S; Robins, JM",1,0,0,VanderWeele,,,,,1
Studies with Many Covariates and Few Outcomes <i>Selecting Covariates and Implementing Propensity</i>-<i>Score</i>-<i>Based Confounding Adjustments</i>,https://doi.org/10.1097/EDE.0000000000000069,"Patorno, E; Glynn, RJ; Hernández-Díaz, S; Liu, J; Schneeweiss, S",0,1,0,Specific use-case,,,,,1
Bias Formulas for Estimating Direct and Indirect Effects When Unmeasured Confounding Is Present,https://doi.org/10.1097/EDE.0000000000000407,"le Cessie, S",1,0,0,"Unmeasured, mediation",,,,,1
Diagnostics for Confounding of Time-varying and Other Joint Exposures,https://doi.org/10.1097/EDE.0000000000000547,"Jackson, JW",1,0,0,"Time-varying confounding, residual confounding",,,,,1
Bias Due to Confounders for the Exposure-Competing Risk Relationship,https://doi.org/10.1097/EDE.0000000000000565,"Lesko, CR; Lau, B",1,0,0,Specific use-case,,,,,1
Variable Selection for Confounding Adjustment in High-dimensional Covariate Spaces When Analyzing Healthcare Databases,https://doi.org/10.1097/EDE.0000000000000581,"Schneeweiss, S; Eddings, W; Glynn, RJ; Patorno, E; Rassen, J; Franklin, JM",1,0,0,"Data-based, key",,,,,1
Using Super Learner Prediction Modeling to Improve High-dimensional Propensity Score Estimation,https://doi.org/10.1097/EDE.0000000000000762,"Wyss R, Schneeweiss S, van der Laan M, Lendle SD, Ju C, Franklin JM.",1,1,0,Ml-based,,,,,2
Quantitative Bias Analysis for a Misclassified Confounder A Comparison Between Marginal Structural Models and Conditional Models for Point Treatments,https://doi.org/10.1097/EDE.0000000000001239,"Nab, L; Groenwold, RHH; van Smeden, M; Keogh, RH",1,0,0,"misclassification, MSMs, conditional",,,,,1
"To Adjust or Not to Adjust? When a ""Confounder"" Is Only Measured After Exposure",https://doi.org/10.1097/EDE.0000000000001312,"Groenwold, RHH; Palmer, TM; Tilling, K",1,0,0,Kate Tilling,,,,,1
"Deep Learning-based Propensity Scores for Confounding Control in Comparative Effectiveness Research A Large-scale, Real-world Data Study",https://doi.org/10.1097/EDE.0000000000001338,"Weberpals, J; Becker, T; Davies, J; Schmich, F; Rüttinger, D; Theis, FJ; Bauer-Mehren, A",1,0,0,"Ml-based, CER",,,,,1
Inverse Probability of Treatment Weighting and Confounder Missingness in Electronic Health Record-based Analyses: A Comparison of Approaches Using Plasmode Simulation,https://doi.org/10.1097/EDE.0000000000001618,"Vader, DT; Mamtani, R; Li, Y; Griffith, SD; Calip, GS; Hubbard, RA",1,0,0,"EHR, Data-simulation",,,,,1
Model selection and health effect estimation in environmental epidemiology,https://doi.org/10.1097/EDE.0b013e31817307dc,"Dominici F, Wang C, Crainiceanu C, Parmigiani G.",1,0,0,"Specific use-case, environmental",,,,,1
A Comparison of Methods to Estimate the Hazard Ratio Under Conditions of Time-varying Confounding and Nonpositivity,https://doi.org/10.1097/EDE.0b013e31822549e8,"Naimi, AI; Cole, SR; Westreich, DJ; Richardson, DB",0,1,1,,,,,,2
Confounding Control in Healthcare Database Research <i>Challenges and Potential Approaches</i>,https://doi.org/10.1097/MLR.0b013e3181dbebe3,"Brookhart, MA; Stürmer, T; Glynn, RJ; Rassen, J; Schneeweiss, S",1,0,0,EHR,,,,,1
Confounding Adjustment in Comparative Effectiveness Research Conducted Within Distributed Research Networks,https://doi.org/10.1097/MLR.0b013e31829b1bb1,"Toh, S; Gagne, JJ; Rassen, JA; Fireman, BH; Kulldorff, M; Brown, JS",1,0,0,"CER, specific use-case",,,,,1
Variable Selection in Heterogeneous Datasets: A Truncated-rank Sparse Linear Mixed Model with Applications to Genome-wide Association Studies,https://doi.org/10.1109/BIBM.2017.8217687,"Wang H, Aragam B, Xing EP.",1,0,0,"Heterogeneity, GWAS",,,,,1
Linear Deconfounded Score Method: Scoring DAGs With Dense Unobserved Confounding,https://doi.org/10.1109/TNNLS.2024.3352657,"Bellot, A; van der Schaar, M",1,0,0,"dense, unobserved",,,,,1
Conditions for non-confounding and collapsibility without knowledge of completely constructed causal diagrams,https://doi.org/10.1111/1467-9469.00087,"Geng, Z; Li, GW",1,0,0,old,,,,,1
Criteria for confounders in epidemiological studies,https://doi.org/10.1111/1467-9868.00321,"Geng, Z; Guo, JH; Fung, WK",1,0,0,Basic concepts,,,,,1
Confounding and regression adjustment in difference-in-differences studies,https://doi.org/10.1111/1475-6773.13666,"Zeldow, B; Hatfield, LA",1,0,0,Specific use-case,,,,,1
Confounder selection via penalized credible regions,https://doi.org/10.1111/biom.12203,"Wilson A, Reich BJ.",1,0,0,Key,,,,,1
Accounting for Uncertainty in Confounder and Effect Modifier Selection When Estimating Average Causal Effects in Generalized Linear Models,https://doi.org/10.1111/biom.12315,"Wang, C; Dominici, F; Parmigiani, G; Zigler, CM",1,0,0,Specific use-case,,,,,1
Model averaged double robust estimation,https://doi.org/10.1111/biom.12622,"Cefalu M, Dominici F, Arvold N, Parmigiani G.",1,0,0,Doubly robust,,,,,1
Outcome-adaptive lasso: Variable selection for causal inference,https://doi.org/10.1111/biom.12679,"Shortreed SM, Ertefaie A.",1,0,0,Key,,,,,1
Data-driven confounder selection via Markov and Bayesian networks,https://doi.org/10.1111/biom.12788,"Häggström, J",1,1,0,,,,,,2
Model-averaged confounder adjustment for estimating multivariate exposure effects with linear regression,https://doi.org/10.1111/biom.12860,"Wilson, A; Zigler, CM; Patel, CJ; Dominici, F",1,0,0,,,,,,1
Doubly robust matching estimators for high dimensional confounding adjustment,https://doi.org/10.1111/biom.12887,"Antonelli, J; Cefalu, M; Palmer, N; Agniel, D",1,0,0,Doubly robust,,,,,1
Causal inference accounting for unobserved confounding after outcome regression and doubly robust estimation,https://doi.org/10.1111/biom.13001,"Genbäck, M; de Luna, X",1,0,0,"Unobserved confounding, doubly-robust, R package",,,,,1
Data-adaptive longitudinal model selection in causal inference with collaborative targeted minimum loss-based estimation,https://doi.org/10.1111/biom.13135,"Schnitzer ME, Sango J, Ferreira Guerra S, van der Laan MJ.",1,0,0,,,,,,1
Adjusting for time-varying confounders in survival analysis using structural nested cumulative survival time models,https://doi.org/10.1111/biom.13158,"Seaman, S; Dukes, O; Keogh, R; Vansteelandt, S",1,0,0,Time-varying confounding,,,,,1
Doubly robust tests of exposure effects under high-dimensional confounding,https://doi.org/10.1111/biom.13231,"Dukes, O; Avagyan, V; Vansteelandt, S",1,0,0,Doubly robust,,,,,1
Ultra-high dimensional variable selection for doubly robust causal inference,https://doi.org/10.1111/biom.13625,"Tang D, Kong D, Pan W, Wang L.",1,0,0,Doubly robust,,,,,1
Spatial+: A novel approach to spatial confounding,https://doi.org/10.1111/biom.13656,"Dupont E, Wood SN, Augustin NH.",1,0,0,Spatial,,,,,1
Bayesian nonparametric adjustment of confounding,https://doi.org/10.1111/biom.13833,"Kim, C; Tec, M; Zigler, C",1,0,0,,,,,,1
Ensuring valid inference for Cox hazard ratios after variable selection,https://doi.org/10.1111/biom.13889,"Van Lancker K, Dukes O, Vansteelandt S.",1,0,0,,,,,,1
THE EFFECT OF UNMEASURED CONFOUNDERS ON THE ABILITY TO ESTIMATE A TRUE PERFORMANCE OR SELECTION GRADIENT (AND OTHER PARTIAL REGRESSION COEFFICIENTS),https://doi.org/10.1111/evo.12406,"Walker, JA",1,0,0,,,,,,1
The performance of random coefficient regression in accounting for residual confounding,https://doi.org/10.1111/j.1541-0420.2005.00510.x,"Gustafson, P; Greenland, S",1,0,0,Residual confounding,,,,,1
A New Criterion for Confounder Selection,https://doi.org/10.1111/j.1541-0420.2011.01619.x,"VanderWeele, TJ; Shpitser, I",1,0,0,VanderWeele,,,,,1
Bayesian effect estimation accounting for adjustment uncertainty,https://doi.org/10.1111/j.1541-0420.2011.01731.x,"Wang C, Parmigiani G, Dominici F.",1,0,0,BAC,,,,,1
Introduction to causal diagrams for confounder selection,https://doi.org/10.1111/resp.12238,"Williamson, EJ; Aitken, Z; Lawrie, J; Dharmage, SC; Burgess, JA; Forbes, AB",1,0,0,Basic concepts,,,,,1
Regression-with-residuals estimation of marginal effects: a method of adjusting for treatment-induced confounders that may also be effect modifiers,https://doi.org/10.1111/rssa.12497,"Wodtke, GT; Alaca, Z; Zhou, X",1,0,0,Specific use-case,,,,,1
Selecting a scale for spatial confounding adjustment,https://doi.org/10.1111/rssa.12556,"Keller, JP; Szpiro, AA",1,0,0,Spatial,,,,,1
Right singular vector projection graphs: fast high dimensional covariance matrix estimation under latent confounding,https://doi.org/10.1111/rssb.12359,"Shah, RD; Frot, B; Thanei, GA; Meinshausen, N",1,0,0,Latent confounding,,,,,1
Multiply robust causal inference with double-negative control adjustment for categorical unmeasured confounding,https://doi.org/10.1111/rssb.12361,"Shi, X; Miao, W; Nelson, JC; Tchetgen, EJT",1,0,0,"Categorical confounding, unmeasured confounding, multiply-robust",,,,,1
Tackling non-ignorable dropout in the presence of time varying confounding,https://doi.org/10.1111/rssc.12154,"Doretti, M; Geneletti, S; Stanghellini, E",1,0,0,"Time-varying confounding, specific use-case",,,,,1
Tackling non-ignorable dropout in the presence of time varying confounding,https://doi.org/10.1111/rssc.12154,"Doretti, M; Geneletti, S; Stanghellini, E",1,0,0,"Time-varying confounding, specific use-case",,,,,1
Tackling Non-Ignorable Dropout in the Presence of Time Varying Confounding,https://doi.org/10.1111/rssc.12154,"Doretti, M; Geneletti, S; Stanghellini, E",1,0,0,"Time-varying confounding, specific use-case",,,,,1
Tackling Non-Ignorable Dropout in the Presence of Time Varying Confounding,https://doi.org/10.1111/rssc.12154,"Doretti, M; Geneletti, S; Stanghellini, E",1,0,0,"Time-varying confounding, specific use-case",,,,,1
Estimating the causal effect of treatment in observational studies with survival time end points and unmeasured confounding,https://doi.org/10.1111/rssc.12158,"Choi, J; O'Malley, AJ",1,0,0,"Time-varying confounding, censoring, unmeasured confounding",,,,,1
An instrumental variable procedure for estimating Cox models with non-proportional hazards in the presence of unmeasured confounding,https://doi.org/10.1111/rssc.12341,"Martínez-Camblor, P; MacKenzie, TA; Staiger, DO; Goodney, PP; O'Malley, AJ",1,0,0,"Instrumental, unmeasured confounding",,,,,1
Handling time varying confounding in observational research,https://doi.org/10.1136/bmj.j4587,"Mansournia, MA; Etminan, M; Danaei, G; Kaufman, JS; Collins, G",1,0,0,Time-varying confounding,,,,,1
Alternative approaches for confounding adjustment in observational studies using weighting based on the propensity score: a primer for practitioners,https://doi.org/10.1136/bmj.l5657,"Desai, RJ; Franklin, JM",1,0,0,Basic concepts,,,,,1
Treatment Effect Estimation via Differentiated Confounder Balancing and Regression,https://doi.org/10.1145/3365677,"Kuang, K; Cui, P; Li, B; Jiang, M; Wang, YS; Wu, F; Yang, SQ",1,0,0,"Data-based, key",,,,,1
Causal Mediation Analysis with Hidden Confounders,https://doi.org/10.1145/3488560.3498407,"Cheng, L; Guo, RC; Liu, H",1,0,0,,,,,,1
Be Causal: De-Biasing Social Network Confounding in Recommendation,https://doi.org/10.1145/3533725,"Li, Q; Wang, XM; Wang, ZC; Xu, GD",1,0,0,Missingness,,,,,1
Statistical foundations for model-based adjustments,https://doi.org/10.1146/annurev-publhealth-031914-122559,"Greenland S, Pearce N.",1,0,0,Basic concepts,,,,,1
"A Bagged, Partially Linear, Tree-Based Regression Procedure for Prediction and Variable Selection",https://doi.org/10.1159/000380850,"Mbogning C, Perdry H, Broët P.",1,0,0,Key,,,,,1
Propensity Score Methods for Confounding Control in Nonexperimental Research,https://doi.org/10.1161/CIRCOUTCOMES.113.000359,"Brookhart, MA; Wyss, R; Layton, JB; Stürner, T",1,0,0,Basic concepts,,,,,1
ParceLiNGAM: A Causal Ordering Method Robust Against Latent Confounders,https://doi.org/10.1162/NECO_a_00533,"Tashiro, T; Shimizu, S; Hyvärinen, A; Washio, T",1,0,0,Latent confounding,,,,,1
Confounder Detection in High-Dimensional Linear Models Using First Moments of Spectral Measures,https://doi.org/10.1162/neco_a_01099,"Liu, FR; Chan, LW",1,0,0,Identification,,,,,1
Impact of a confounding variable on a regression coefficient,https://doi.org/10.1177/0049124100029002001,"Frank, KA",1,0,0,Basic concepts,,,,,1
Sensitivity Plots for Confounder Bias in the Single Mediator Model,https://doi.org/10.1177/0193841X14524576,"Cox, MG; Kisbu-Sakarya, Y; Miocevic, M; MacKinnon, DP",1,0,0,"Mediation, sensitivity",,,,,1
On model selection and model misspecification in causal inference,https://doi.org/10.1177/0962280210387717,"Vansteelandt S, Bekaert M, Claeskens G.",1,0,0,model misspecification,,,,,1
Consistent causal effect estimation under dual misspecification and implications for confounder selection procedures,https://doi.org/10.1177/0962280212437451,"Gruber, S; van der Laan, MJ",1,0,0,model misspecification,,,,,1
Estimating controlled direct effects in the presence of intermediate confounding of the mediator-outcome relationship: Comparison of five different methods,https://doi.org/10.1177/0962280212461194,"Lepage, B; Dedieu, D; Savy, N; Lang, T",1,0,1,Mediation,,,,,2
A two-stage model in a Bayesian framework to estimate a survival endpoint in the presence of confounding by indication,https://doi.org/10.1177/0962280216660127,"Bellera, C; Proust-Lima, C; Joseph, L; Richaud, P; Taylor, J; Sandler, H; Hanley, J; Mathoulin-Pélissier, S",1,0,0,Confounding by indication,,,,,1
Comparison of statistical approaches dealing with time-dependent confounding in drug effectiveness studies,https://doi.org/10.1177/0962280216668554,"Karim, ME; Petkau, J; Gustafson, P; Platt, RW; Tremlett, H",1,0,0,"Time-varying confounding, CER",,,,,1
A stratification approach using logit-based models for confounder adjustment in the study of continuous outcomes,https://doi.org/10.1177/0962280217747309,"Tan, CS; Stoer, NC; Chen, Y; Andersson, M; Ning, YL; Wee, HL; Khoo, EYH; Tai, ES; Kao, SL; Reilly, M",1,0,0,Continuous outcome,,,,,1
Adjustment for time-invariant and time-varying confounders in 'unexplained residuals' models for longitudinal data within a causal framework and associated challenges,https://doi.org/10.1177/0962280218756158,"Arnold, KF; Ellison, GTH; Gadd, SC; Textor, J; Tennant, PWG; Heppenstall, A; Gilthorpe, MS",1,0,0,"Time-varying confounding, unexplained residuals",,,,,1
A Bayesian two-stage spatially dependent variable selection model for space-time health data,https://doi.org/10.1177/0962280218767980,"Choi J, Lawson AB.",1,0,0,Spatio-temporal,,,,,1
The impact of unmeasured within- and between-cluster confounding on the bias of effect estimatorsof a continuous exposure,https://doi.org/10.1177/0962280219883323,"Li, Y; Lee, Y; Port, FK; Robinson, BM",1,0,0,"Clustering, continuous exposure",,,,,1
Variable selection and estimation in causal inference using Bayesian spike and slab priors,https://doi.org/10.1177/0962280219898497,"Koch B, Vock DM, Wolfson J, Vock LB.",1,0,0,,,,,,1
Propensity score specification for optimal estimation of average treatment effect with binary response,https://doi.org/10.1177/0962280220934847,"Craycroft JA, Huang J, Kong M.",1,1,0,,,,,,2
Unifying instrumental variable and inverse probability weighting approaches for inference of causal treatment effect and unmeasured confounding in observational studies,https://doi.org/10.1177/0962280220971835,"Liu, T; Hogan, JW",1,0,0,"Unmeasured, instrumental",,,,,1
The change in estimate method for selecting confounders: A simulation study,https://doi.org/10.1177/09622802211034219,"Talbot, D; Diop, A; Lavigne-Robichaud, M; Brisson, C",1,1,0,,,,,,2
Bayesian variable selection in hierarchical difference-in-differences models,https://doi.org/10.1177/09622802211051087,"Normington JP, Lock EF, Murray TA, Carlin CS.",1,0,0,,,,,,1
Complete effect decomposition for an arbitrary number of multiple ordered mediators with time-varying confounders: A method for generalized causal multi-mediation analysis,https://doi.org/10.1177/09622802221130580,"Tai, AS; Lin, SH",1,0,0,"Mediation, time-varying confounders",,,,,1
Estimation of the average treatment effect with variable selection and measurement error simultaneously addressed for potential confounders,https://doi.org/10.1177/09622802221146308,"Yi, GY; Chen, LP",1,0,0,,,,,,1
Controlling for time-dependent confounding using marginal structural models,https://doi.org/10.1177/1536867X0400400403,"Fewell, Z; Hernán, MA; Wolfe, F; Tilling, K; Choi, H; Sterne, JAC",1,0,0,"Time-varying confounding, MSMs",,,,,1
gformula: Estimating causal effects in the presence of time-varying confounding or mediation using the g-computation formula,https://doi.org/10.1177/1536867X1101100401,"Daniel, RM; De Stavola, BL; Cousens, SN",1,0,0,"Time-varying confounding, mediation, Rhian Daniel, Stata",,,,,1
Adjusting for Baseline Measurements of the Mediators and Outcome as a First Step Toward Eliminating Confounding Biases in Mediation Analysis,https://doi.org/10.1177/17456916221134573,"Loh, WW; Ren, DN",1,0,0,Mediation,,,,,1
Identification of confounder in epidemiologic data contaminated by measurement error in covariates,https://doi.org/10.1186/s12874-016-0159-6,"Lee, PH; Burstyn, I",1,0,0,Measurement error,,,,,1
Noncollapsibility and its role in quantifying confounding bias in logistic regression,https://doi.org/10.1186/s12874-021-01316-8,"Schuster, NA; Twisk, JWR; ter Riet, G; Heymans, MW; Rijnhart, JJM",1,0,0,,,,,,1
"Comparing g-computation, propensity score-based weighting, and targeted maximum likelihood estimation for analyzing externally controlled trials with both measured and unmeasured confounders: a simulation study",https://doi.org/10.1186/s12874-023-01835-6,"Ren, JM; Cislo, P; Cappelleri, JC; Hlavacek, P; DiBonaventura, M",1,1,1,Key,,,,,3
Frameworks for estimating causal effects in observational settings: comparing confounder adjustment and instrumental variables,https://doi.org/10.1186/s12874-023-01936-2,"Zawadzki, RS; Grill, JD; Gillen, DL",1,0,0,Figure 6,,,,,1
"Model selection, confounder control, and marginal structural models: Review and new applications",https://doi.org/10.1198/000313004X5824,"Joffe, MM; Ten Have, TR; Feldman, HI; Kimmel, SE",1,0,1,MSMs,,,,,2
Regularization and Confounding in Linear Regression for Treatment Effect Estimation,https://doi.org/10.1214/16-BA1044,"Hahn, PR; Carvalho, CM; Puelz, D; He, JY",0,0,1,"Standardization, weighting",,,,,1
A ROBUST AND EFFICIENT APPROACH TO CAUSAL INFERENCE BASED ON SPARSE SUFFICIENT DIMENSION REDUCTION,https://doi.org/10.1214/18-AOS1722,"Ma S, Zhu L, Zhang Z, Tsai CL, Carroll RJ.",1,0,0,"Robust, efficient",,,,,1
High-Dimensional Confounding Adjustment Using Continuous Spike and Slab Priors,https://doi.org/10.1214/18-BA1131,"Antonelli, J; Parmigiani, G; Dominici, F",1,0,0,,,,,,1
High-Dimensional Confounding Adjustment Using Continuous Spike and Slab Priors,https://doi.org/10.1214/18-ba1131,"Antonelli J, Parmigiani G, Dominici F.",1,0,0,,,,,,1
DOUBLY DEBIASED LASSO: HIGH-DIMENSIONAL INFERENCE UNDER HIDDEN CONFOUNDING,https://doi.org/10.1214/21-AOS2152,"Guo, ZJ; Cevid, D; Bühlmann, P",1,0,0,"Hidden confounding, doubly-debiased",,,,,1
BOUNDS ON THE CONDITIONAL AND AVERAGE TREATMENT EFFECT WITH UNOBSERVED CONFOUNDING FACTORS,https://doi.org/10.1214/22-AOS2195,"Yadlowsky, S; Namkoong, H; Basu, S; Duchi, J; Tian, L",1,0,0,Unobserved confounding,,,,,1
Interpreting population- and family-based genome-wide association studies in the presence of confounding,https://doi.org/10.1371/journal.pbio.3002511,"Veller, C; Coop, GM",1,0,0,GWAS,,,,,1
Genetic sensitivity analysis: Adjusting for genetic confounding in epidemiological associations,https://doi.org/10.1371/journal.pgen.1009590,"Pingault, JB; Rijsdijk, F; Schoeler, T; Choi, SW; Selzam, S; Krapohl, E; O'Reilly, PF; Dudbridge, F",1,0,0,Genetic,,,,,1
Double Bias: Estimation of Causal Effects from Length-Biased Samples in the Presence of Confounding,https://doi.org/10.1515/ijb-2014-0037,"Ertefaie, A; Asgharian, M; Stephens, DA",1,0,0,Double-bias,,,,,1
"Variable Selection for Confounder Control, Flexible Modeling and Collaborative Targeted Minimum Loss-Based Estimation in Causal Inference",https://doi.org/10.1515/ijb-2015-0017,"Schnitzer, ME; Lok, JJ; Gruber, S",1,0,0,Ml-based,,,,,1
Detecting Confounding in Multivariate Linear Models via Spectral Analysis,https://doi.org/10.1515/jci-2017-0013,"Janzing, D; Schölkopf, B",1,0,0,Identification,,,,,1
Double machine learning and automated confounder selection: A cautionary tale,https://doi.org/10.1515/jci-2022-0078,"Hünermund, P; Louw, B; Caspi, I",1,0,0,Ml-based,,,,,1
A Bayesian hierarchical model for identifying significant polygenic effects while controlling for confounding and repeated measures,https://doi.org/10.1515/sagmb-2017-0044,"McMahan C, Baurley J, Bridges W, Joyner C, Kacamarga MF, Lund R, Pardamean C, Pardamean B.",1,0,0,"Genetic, hierarchical",,,,,1
Modeling and variable selection in epidemiologic analysis,https://doi.org/10.2105/ajph.79.3.340,Greenland S.,1,0,0,Basic concepts,,,,,1
Automated data-adaptive analytics for electronic healthcare data to study causal treatment effects,https://doi.org/10.2147/CLEP.S166545,Schneeweiss S.,1,0,0,"Data-based, EHR",,,,,1
Is a Cutoff of 10% Appropriate for the Change-in-Estimate Criterion of Confounder Identification?,https://doi.org/10.2188/jea.JE20130062,"Lee, PH",1,0,0,theory,,,,,1
Effects of Omitting Non-confounding Predictors From General Relative-Risk Models for Binary Outcomes,https://doi.org/10.2188/jea.JE20170226,"Cologne, J; Furukawa, K; Grant, EJ; Abbott, RD",1,0,0,theory,,,,,1
Causal Modeling to Mitigate Selection Bias and Unmeasured Confounding in Internet-Based Epidemiology of COVID-19: Model Development and Validation,https://doi.org/10.2196/31306,"Stockham, N; Washington, P; Chrisman, B; Paskov, K; Jung, JY; Wall, DP",1,0,0,Relevant application,,,,,1
Meta-Analysis of Observational Studies with Unmeasured Confounders,https://doi.org/10.2202/1557-4679.1350,"McCandless, LC",1,0,1,Unmeasured,,,,,2
How to Apply Multiple Imputation in Propensity Score Matching with Partially Observed Confounders: A Simulation Study and Practical Recommendations,https://doi.org/10.22237/jmasm/1608552120,"Ling, A; Montez-Rath, M; Mathur, M; Kapphahn, K; Desai, M",1,1,0,Missingness,,,,,2
Assessing the sensitivity of regression results to unmeasured confounders in observational studies,https://doi.org/10.2307/2533848,"Lin, DY; Psaty, BM; Kronmal, RA",1,0,0,Unmeasured,,,,,1
SELECTING CONFOUNDERS FROM COVARIATES,https://doi.org/10.2307/2983362,"RAAB, GM",1,0,0,Basic concepts,,,,,1
Estimation of Indirect Effects in the Presence of Unmeasured Confounding for the Mediator-Outcome Relationship in a Multilevel 2-1-1 Mediation Model,https://doi.org/10.3102/1076998616636855,"Talloen, W; Moerkerke, B; Loeys, T; De Naeghel, J; Van Keer, H; Vansteelandt, S",1,0,0,"Unmeasured, mediation",,,,,1
On Associative Confounder Bias,https://doi.org/10.3233/978-1-61499-589-0-157,"Wijayatunga, P",1,0,0,Associative confounding,,,,,1
High-Dimensional Mediation Analysis With Confounders in Survival Models,https://doi.org/10.3389/fgene.2021.688871,"Yu, ZS; Cui, YD; Wei, T; Ma, YR; Luo, CW",1,0,0,Mediation,,,,,1
Linear high-dimensional mediation models adjusting for confounders using propensity score method,https://doi.org/10.3389/fgene.2022.961148,"Luo, LH; Yan, YT; Cui, YD; Yuan, X; Yu, ZS",1,0,0,Mediation,,,,,1
Direction dependence analysis: A framework to test the direction of effects in linear models with an implementation in SPSS,https://doi.org/10.3758/s13428-018-1031-x,"Wiedermann W, Li X.",1,0,0,Software,,,,,1
Confounder detection in linear mediation models: Performance of kernel-based tests of independence,https://doi.org/10.3758/s13428-019-01230-4,"Wiedermann, W; Li, XT",1,0,0,Mediation,,,,,1
SENSITIVITY ANALYSIS FOR UNMEASURED CONFOUNDING IN COARSE STRUCTURAL NESTED MEAN MODELS,https://doi.org/10.5705/ss.202016.0133,"Yang, S; Lok, JJ",1,0,0,,,,,,1
SEMIPARAMETRIC INFERENCE OF CAUSAL EFFECT WITH NONIGNORABLE MISSING CONFOUNDERS,https://doi.org/10.5705/ss.202018.0466,"Sun, ZH; Liu, L",1,0,0,Missingness,,,,,1
SEMIPARAMETRIC CAUSAL MEDIATION ANALYSIS WITH UNMEASURED MEDIATOR-OUTCOME CONFOUNDING,https://doi.org/10.5705/ss.202021.0354,"Sun, BL; Ye, T",1,0,0,"Unmeasured, mediation",,,,,1
